<?xml version="1.0" encoding="UTF-8"?>
<beans:beans
	xmlns="http://www.springframework.org/schema/mvc"
	xmlns:xsi="http://www.w3.org/2001/XMLSchema-instance"
	xmlns:beans="http://www.springframework.org/schema/beans"
	xmlns:jpa="http://www.springframework.org/schema/data/jpa"
	xmlns:context="http://www.springframework.org/schema/context"
	xsi:schemaLocation="http://www.springframework.org/schema/mvc https://www.springframework.org/schema/mvc/spring-mvc.xsd
		http://www.springframework.org/schema/beans https://www.springframework.org/schema/beans/spring-beans.xsd
		http://www.springframework.org/schema/context https://www.springframework.org/schema/context/spring-context.xsd
		http://www.springframework.org/schema/data/jpa http://www.springframework.org/schema/data/jpa/spring-jpa.xsd">


	<annotation-driven />
	
	<beans:bean id="dataSource"
		class="org.springframework.jdbc.datasource.DriverManagerDataSource">
		<beans:property name="driverClassName"
			value="org.postgresql.Driver" />
		<beans:property name="url"
			value="jdbc:postgresql://localhost:5432/CDA?currentSchema=pfr_tender" />
		<beans:property name="username" value="gestionnaire" />
		<beans:property name="password" value="123456" />
	</beans:bean>

	<beans:bean id="entityManagerFactory" class="org.springframework.orm.jpa.LocalContainerEntityManagerFactoryBean">
		<beans:property name="dataSource" ref="dataSource" />
		<beans:property name="packagesToScan" value="fr.cda.tender_du_poulet.beans" />
		<beans:property name="jpaVendorAdapter">
			<beans:bean
				class="org.springframework.orm.jpa.vendor.HibernateJpaVendorAdapter" />
		</beans:property>
		<beans:property name="jpaProperties">
			<beans:props>
				<beans:prop key="hibernate.show_sql">true</beans:prop>
				<beans:prop key="hibernate.hbm2ddl.auto">update</beans:prop>
				<beans:prop key="hibernate.dialect">org.hibernate.dialect.PostgreSQLDialect</beans:prop>
			</beans:props>
		</beans:property>
	</beans:bean>
	
	<beans:bean id="transactionManager" class="org.springframework.orm.jpa.JpaTransactionManager">
		<beans:property name="entityManagerFactory" ref="entityManagerFactory" />
	</beans:bean>
	
	<jpa:repositories base-package="fr.cda.tender_du_poulet.dao"/>

	<context:component-scan base-package="fr.cda.tender_du_poulet.dao">
    	<context:include-filter type="annotation" expression="org.springframework.stereotype.Repository" />
	</context:component-scan>
	
	<context:component-scan base-package="fr.cda.tender_du_poulet.util" />
	<context:component-scan base-package="fr.cda.tender_du_poulet.service" />
	<context:component-scan base-package="fr.cda.tender_du_poulet.dto" />
	<context:component-scan base-package="fr.cda.tender_du_poulet.iService" />

</beans:beans>
